"","0","1","2","3","4","5","6","7","8","9","10","11","12","13","14","15","16","17","18","19","20","21","22","23","24","25","26","27","28","29","30","31","32","33","34","35","36","37","38","39","40","41","42","43","44","45","46","47","48","49","50","51","52","53","54","55","56","57","58","59","60","61","62","63","64","65","66","67","68","69","70","71","72","73","74","75","76","77","78","79","80","81","82","83","84","85","86","87","88","89","90","91","92","93","94","95","96","97","98","99"
"1",497,476,501,544,557,600,633,639,688,694,717,675,669,674,712,716,765,793,848,784,741,604,534,547,563,571,527,522,535,531,540,562,536,578,533,590,621,651,665,665,743,802,766,832,813,791,840,842,975,1098,1082,1057,1095,955,1050,1082,961,969,966,960,951,960,980,908,856,950,998,950,982,1044,994,996,903,851,714,614,595,556,521,484,441,424,374,313,292,278,244,238,193,175,130,91,95,71,69,29,30,19,11,11
"2",692,668,612,734,725,810,815,895,796,867,904,899,864,896,854,893,921,923,877,964,858,795,728,701,685,674,715,640,712,657,678,651,672,726,737,735,791,819,785,888,867,922,916,971,945,894,937,923,1034,1062,1021,1071,1041,977,963,1011,965,938,941,976,990,922,890,903,887,890,873,969,945,949,853,803,775,667,619,603,601,519,482,478,441,425,367,344,319,281,266,226,216,184,157,127,95,94,55,50,38,19,14,11
"3",727,773,699,740,758,845,865,925,854,859,935,891,872,891,895,951,984,970,930,1025,969,893,919,908,904,889,890,845,904,880,827,800,787,832,864,879,907,953,906,985,1072,991,987,1064,1026,965,1038,1119,1192,1225,1215,1195,1189,1179,1130,1102,1048,1087,1054,1079,1086,1039,1060,1047,1026,1079,1061,1090,1088,1166,1147,1021,927,816,750,667,608,637,588,568,525,434,438,356,367,315,269,244,198,201,134,138,97,74,74,60,31,16,17,8
"4",364,388,387,440,455,439,536,478,479,541,545,537,519,563,557,581,587,550,614,525,443,386,293,345,324,317,304,346,367,350,409,367,358,379,415,414,497,516,518,508,560,535,571,583,572,570,610,584,635,697,668,654,622,702,627,615,536,620,580,607,570,557,603,588,598,630,571,625,666,669,647,618,547,476,437,387,353,309,294,287,287,222,213,188,177,147,147,106,114,78,74,61,63,39,34,23,19,6,14,4
"5",574,560,569,626,669,721,713,762,725,751,757,756,799,797,782,822,862,896,896,899,811,641,579,555,577,597,609,592,600,609,586,556,582,620,528,667,662,638,708,718,786,688,787,849,826,808,870,896,938,971,1012,965,973,975,1003,992,953,993,994,972,929,972,966,917,974,937,948,985,950,952,925,865,761,723,631,638,528,534,464,476,436,372,352,373,306,258,242,213,175,209,145,105,105,64,50,50,27,25,11,5
"6",646,738,704,787,769,802,790,907,874,851,915,912,908,918,979,999,1008,988,1010,1002,870,727,693,686,606,649,681,705,685,705,716,672,662,733,740,760,781,809,837,857,946,898,916,957,984,992,942,1041,1066,1178,1095,1158,1127,1068,1042,1052,1000,1025,1013,967,954,921,941,909,954,918,884,916,965,945,910,856,806,703,625,604,568,536,515,500,431,402,381,323,304,289,256,225,197,169,162,114,78,69,68,51,35,20,14,11
"7",752,626,562,535,566,529,521,499,515,526,494,498,486,500,508,523,527,557,751,1190,2109,3147,3416,3536,2992,2699,2303,1884,1552,1436,1272,1105,967,952,782,848,836,755,750,747,789,733,708,706,697,696,692,703,734,906,794,791,752,711,723,670,609,739,668,704,606,682,624,619,595,568,599,623,655,674,646,568,537,478,481,456,423,395,395,351,329,302,327,246,238,201,226,208,164,153,151,126,90,76,63,50,36,18,10,13
"8",1365,1293,1404,1473,1450,1546,1531,1688,1558,1606,1626,1564,1542,1518,1540,1602,1466,1566,1521,1512,1486,1382,1220,1261,1179,1202,1213,1108,1215,1231,1277,1342,1203,1373,1431,1453,1487,1543,1578,1651,1756,1642,1587,1767,1666,1694,1565,1740,1756,1910,1883,1808,1818,1739,1645,1671,1627,1622,1560,1592,1568,1527,1504,1450,1471,1462,1467,1533,1561,1486,1533,1419,1187,1139,1004,926,851,826,758,715,631,552,518,455,411,328,329,311,236,199,181,151,114,77,73,52,27,29,19,10
"9",909,890,986,1021,1100,1210,1158,1192,1232,1226,1219,1199,1231,1183,1260,1315,1247,1349,1423,1375,1238,987,864,861,810,764,804,845,835,852,836,875,923,931,1032,1040,1081,1163,1210,1214,1363,1377,1346,1404,1394,1296,1379,1381,1480,1589,1593,1470,1553,1425,1437,1367,1297,1391,1361,1399,1370,1443,1365,1406,1350,1366,1375,1407,1450,1499,1429,1255,1173,1013,928,910,789,793,713,629,590,497,516,433,397,354,312,288,242,206,175,156,100,78,79,55,34,31,17,14
"10",1472,1496,1498,1647,1705,1810,1870,1976,1903,1958,1881,1975,1935,1867,1912,1996,2031,1993,2034,2075,1983,1746,1619,1489,1546,1564,1431,1503,1458,1507,1514,1466,1541,1585,1645,1685,1777,1921,1975,2037,2315,2152,2235,2307,2214,2246,2153,2138,2179,2426,2341,2212,2130,2023,1988,1977,1824,1794,1830,1773,1757,1747,1724,1709,1708,1806,1757,1798,1911,1870,1785,1698,1548,1438,1289,1161,1020,1000,950,897,753,686,606,559,505,489,442,379,338,280,231,220,155,118,103,85,46,38,24,27
"11",858,912,874,1035,1039,1101,1119,1200,1145,1209,1097,1191,1113,1124,1085,1124,1144,1148,1184,1297,1235,993,910,900,824,868,869,863,941,864,888,922,852,901,964,1020,1046,1106,1148,1126,1181,1185,1162,1264,1204,1132,1184,1169,1302,1440,1324,1306,1215,1213,1184,1139,1153,1185,1128,1107,1132,1095,1161,986,1086,1055,997,1025,1057,1109,1043,929,823,830,717,666,645,595,559,516,456,456,384,320,340,301,267,262,212,172,163,133,102,73,67,44,27,23,12,11
"12",449,430,469,507,494,565,571,618,590,622,582,648,581,660,634,690,743,678,683,709,662,538,469,508,471,463,528,484,559,500,480,507,426,485,477,524,530,581,578,604,619,617,666,683,683,689,628,692,720,802,735,815,748,758,742,757,755,753,707,755,733,716,721,728,721,672,665,665,732,726,670,672,546,554,483,489,429,416,396,366,335,284,287,264,235,189,193,180,159,124,107,82,84,57,41,38,22,13,8,7
"13",864,810,846,880,976,998,1006,1080,1131,1107,1101,1092,1168,1144,1126,1226,1173,1278,1287,1286,1200,1032,888,968,926,896,896,873,940,836,849,881,824,923,868,941,986,963,1081,1060,1175,1092,1124,1184,1172,1150,1154,1137,1345,1382,1369,1361,1388,1227,1207,1247,1217,1196,1205,1264,1249,1226,1247,1228,1123,1212,1143,1148,1236,1228,1213,1005,976,977,791,768,732,677,626,599,528,489,446,357,355,337,333,257,230,158,151,138,98,84,50,46,34,29,10,11
"14",713,770,766,747,862,922,965,976,1032,1026,1060,1066,1098,1062,1137,1102,1118,1176,1178,1068,933,780,653,629,649,648,680,711,674,737,701,716,765,720,785,884,863,923,943,975,1042,963,1050,1004,1097,1070,1066,1107,1133,1240,1212,1229,1195,1132,1128,1080,1092,1091,1101,1035,996,989,1063,990,970,972,1020,1040,1017,974,988,881,755,741,704,641,600,558,530,528,521,459,370,356,298,290,242,252,204,209,143,144,92,70,62,52,37,22,13,15
"15",1264,1359,1354,1403,1549,1529,1538,1620,1570,1612,1669,1606,1621,1654,1661,1707,1696,1751,1810,1707,1721,1612,1398,1438,1459,1425,1348,1419,1328,1399,1397,1368,1341,1385,1486,1423,1575,1624,1665,1679,1809,1740,1776,1807,1811,1741,1779,1746,1868,1937,1934,1958,1870,1802,1661,1618,1635,1626,1604,1635,1599,1550,1598,1505,1464,1521,1402,1529,1574,1571,1585,1355,1278,1182,1032,969,934,855,790,746,663,633,547,512,473,398,391,314,288,240,177,156,117,96,86,67,52,32,26,15
"16",1482,1518,1569,1688,1788,1851,1986,1957,2047,2085,2043,2064,2107,1978,1979,2045,2041,2019,1980,1926,1716,1387,1176,1108,1062,1133,1160,1100,1201,1285,1351,1342,1408,1475,1478,1650,1739,1886,1873,2068,2235,2150,2211,2389,2278,2135,2031,2140,2278,2417,2290,2203,2121,2006,1829,1879,1846,1784,1801,1844,1764,1741,1749,1787,1677,1740,1753,1740,1893,1818,1725,1553,1433,1273,1083,1020,937,887,901,777,676,653,511,474,426,391,359,271,256,233,217,150,129,101,79,65,39,35,29,16
"17",2893,2686,2623,2656,2578,2614,2561,2504,2451,2503,2542,2536,2469,2458,2631,2594,2545,2739,2742,3073,4119,4990,4989,5043,4677,4514,4181,3668,3530,3203,2977,2938,2818,2793,2716,2656,2694,2591,2502,2522,2735,2734,2719,2857,2803,2726,2705,2780,2925,3012,2983,2891,2847,2800,2693,2786,2580,2683,2642,2548,2562,2358,2511,2467,2251,2301,2204,2211,2295,2308,2141,2088,1803,1657,1417,1375,1242,1205,1236,1062,903,867,766,764,660,594,559,505,425,385,310,266,228,164,149,115,63,50,34,26
"18",882,621,452,380,363,307,285,252,241,252,187,229,208,198,190,217,217,249,342,526,1512,2991,3862,4276,4070,3925,3446,3007,2482,2169,1755,1468,1277,1081,963,868,744,684,582,599,550,539,499,470,504,445,459,448,437,473,489,482,444,437,468,472,403,445,453,459,461,471,427,484,429,439,349,378,395,422,321,325,251,262,224,225,256,211,196,179,174,141,128,127,125,125,137,119,117,114,93,78,61,66,39,45,21,17,9,7
"19",1126,1208,1194,1308,1287,1422,1398,1389,1398,1391,1358,1340,1375,1298,1373,1335,1361,1334,1408,1626,1552,1532,1419,1408,1258,1263,1251,1217,1201,1164,1241,1118,1188,1287,1264,1363,1328,1425,1492,1468,1564,1622,1503,1678,1642,1478,1490,1624,1539,1756,1627,1678,1579,1512,1448,1413,1337,1377,1354,1370,1311,1349,1370,1324,1406,1315,1343,1374,1435,1447,1298,1247,1160,1000,892,827,764,766,722,646,563,483,472,416,352,350,280,281,241,211,168,162,131,94,86,59,39,23,20,14
"20",553,549,580,596,635,708,735,793,774,817,814,817,835,779,791,826,815,780,753,691,628,448,396,390,362,385,441,431,480,503,500,550,565,622,566,693,702,731,801,800,792,854,838,838,868,864,844,820,921,990,939,884,868,848,746,768,743,782,744,794,773,741,695,707,656,687,620,688,719,744,664,605,548,537,428,450,434,373,355,352,318,302,251,239,226,221,163,164,166,143,112,99,91,54,49,35,16,16,9,6
"21",1141,1189,1229,1299,1346,1516,1423,1485,1460,1467,1429,1472,1470,1522,1440,1636,1600,1499,1560,1681,1556,1335,1176,1123,1127,1235,1228,1237,1194,1247,1254,1203,1157,1255,1252,1374,1474,1528,1462,1584,1601,1607,1694,1648,1636,1609,1534,1694,1772,1908,1822,1798,1714,1677,1551,1529,1424,1398,1379,1413,1376,1281,1322,1339,1255,1285,1237,1410,1434,1442,1382,1237,1107,1069,945,896,794,761,744,662,574,540,479,423,374,370,306,287,240,267,193,149,105,97,66,70,33,18,10,15
"22",832,831,914,909,915,1080,1088,1102,1068,1113,1086,1073,1100,1123,1111,1272,1221,1216,1289,1154,1028,832,711,673,714,745,732,758,751,826,797,871,807,851,897,965,951,991,1031,1034,1129,1049,1128,1194,1182,1220,1235,1252,1305,1430,1394,1363,1340,1326,1257,1283,1217,1182,1239,1217,1160,1211,1183,1142,1059,1096,1125,1151,1204,1183,1139,1065,965,923,847,776,710,667,661,565,535,546,451,391,378,332,299,275,188,198,146,136,90,69,64,47,42,22,13,12
"23",857,827,917,820,845,909,893,924,874,934,836,918,899,918,909,981,973,995,1043,1134,1210,1327,1370,1380,1294,1268,1178,1167,1074,1038,993,918,932,933,909,964,924,935,953,962,1034,1006,1086,1026,1100,1039,1075,1016,1176,1341,1192,1257,1179,1135,1124,1084,1072,1135,1105,1097,1085,1075,1088,941,976,977,937,931,1029,1039,982,884,796,761,700,614,562,575,524,493,440,417,378,314,305,277,246,219,190,150,119,116,93,66,42,40,32,25,10,6
"24",1349,1276,1344,1405,1407,1552,1523,1651,1496,1522,1556,1630,1642,1525,1596,1542,1584,1603,1744,1861,1786,1683,1572,1633,1507,1592,1491,1465,1365,1374,1325,1377,1418,1375,1486,1474,1517,1559,1623,1697,1810,1757,1791,1962,1745,1771,1768,1787,1928,2048,1961,1935,1859,1694,1658,1681,1589,1562,1562,1619,1614,1509,1522,1424,1419,1448,1383,1488,1565,1673,1504,1511,1313,1240,1125,1027,930,864,772,726,639,617,524,545,462,448,363,328,273,304,216,156,148,101,99,53,38,21,21,13
"25",713,715,768,776,847,946,906,1050,936,943,934,1000,971,994,985,1006,1007,1041,1061,957,926,823,721,747,675,772,697,802,696,729,760,760,749,767,808,840,916,936,958,956,1046,1075,1049,1099,1104,1018,1025,1038,1115,1205,1209,1209,1179,1132,1032,1016,1045,1041,1020,942,966,943,985,937,872,861,886,934,989,1055,915,872,750,705,675,600,578,591,524,469,494,403,405,318,303,257,215,211,210,146,148,113,89,61,55,47,29,21,9,14
"26",430,458,406,482,485,526,522,533,560,535,595,593,592,568,586,574,615,633,584,607,551,445,434,382,381,425,381,429,452,441,418,441,467,456,477,475,520,528,560,535,623,555,549,658,659,586,569,640,646,681,681,650,690,663,635,661,626,645,644,670,680,640,684,636,570,609,571,559,558,589,563,471,485,465,411,418,388,337,370,315,331,273,257,203,201,199,167,163,130,100,79,76,55,51,33,36,15,10,5,6
"27",315,324,341,365,316,386,360,388,394,355,369,399,383,433,454,500,510,464,549,468,421,358,298,331,280,326,345,327,333,327,330,329,308,329,279,341,339,334,295,331,419,395,397,426,446,408,495,450,517,596,536,562,601,593,597,552,587,569,608,621,539,570,550,515,480,496,491,499,541,526,493,465,396,410,353,334,293,311,295,261,245,241,202,183,166,145,141,137,124,92,95,77,62,37,29,25,15,6,3,0
"28",635,676,703,730,757,804,878,882,856,905,966,1003,981,981,972,1071,1031,1048,1017,914,803,707,648,651,610,710,650,677,657,690,755,632,727,705,766,813,829,852,850,911,949,945,973,996,1061,1042,1046,1067,1213,1236,1211,1160,1199,1110,1155,1173,1044,1122,1071,1132,1069,1048,1146,1026,1101,970,1021,1057,1046,1071,1118,942,851,852,740,681,675,634,594,496,479,435,380,382,323,279,271,216,181,170,131,126,107,71,63,40,23,10,8,5
"29",558,649,692,701,741,859,763,803,853,877,873,878,894,941,930,998,975,1015,1091,999,997,848,701,721,675,695,720,646,659,643,643,700,678,693,710,700,752,801,823,867,899,855,940,1085,1027,1038,1052,1078,1233,1205,1205,1106,1184,1093,1032,1047,1034,963,1000,985,962,938,948,925,884,944,966,1004,1029,1031,1081,1012,926,891,788,782,709,757,650,601,500,526,400,422,350,317,266,248,218,182,170,122,90,86,76,43,22,13,14,10
"30",535,570,583,613,654,698,771,869,898,849,871,872,872,840,917,884,948,888,925,799,741,598,519,494,452,482,489,444,479,507,521,550,541,608,607,633,753,812,809,909,936,958,970,986,1014,1030,1034,1041,1102,1191,1107,1099,1066,962,931,970,927,988,930,904,929,922,930,887,874,895,909,961,984,952,956,860,784,692,666,628,528,529,484,439,366,384,319,297,265,227,232,207,170,158,120,98,81,56,60,41,23,20,10,7
"31",605,528,417,423,399,393,405,382,377,357,319,310,279,302,276,331,334,366,498,720,1369,2058,2422,2538,2462,2234,1843,1526,1330,1151,931,876,752,672,615,644,575,559,522,563,568,568,557,545,513,476,426,513,501,563,554,579,570,557,507,457,449,432,430,460,447,417,424,407,398,380,392,343,380,375,365,356,289,251,226,250,229,216,200,178,183,163,143,139,133,119,105,97,98,85,79,76,66,41,38,33,18,19,10,9
"32",1643,1628,1634,1597,1673,1767,1736,1885,1847,1766,1725,1733,1752,1686,1715,1818,1786,1754,1890,1957,2255,2319,2152,2109,2030,1896,1808,1830,1725,1637,1578,1602,1521,1541,1573,1733,1697,1793,1669,1854,1932,1884,2014,2051,2070,1901,1847,1952,2034,2130,2062,2063,1966,1898,1868,1776,1818,1777,1779,1800,1820,1663,1633,1579,1582,1633,1559,1711,1718,1748,1741,1594,1462,1329,1216,1066,1057,1002,992,837,780,670,678,585,522,490,432,400,312,308,265,206,158,110,97,78,39,38,28,11
"33",560,538,586,635,675,745,725,792,810,864,839,846,878,860,939,937,946,928,877,892,750,692,581,479,545,501,531,533,539,539,547,582,546,610,620,725,714,769,739,840,915,874,883,945,976,965,999,1067,1073,1197,1221,1092,1132,1033,1084,1090,1008,1032,951,998,1028,982,993,975,924,951,1005,1037,1122,1102,1033,918,880,784,680,649,618,626,536,486,470,463,377,411,296,295,252,270,207,173,147,126,127,91,68,41,38,21,9,14
"34",815,826,874,953,934,1070,1088,1220,1162,1187,1125,1196,1162,1092,1158,1258,1240,1207,1321,1184,1100,833,771,706,689,659,704,695,762,799,821,818,812,904,900,1025,973,1099,1104,1162,1295,1196,1255,1289,1387,1318,1325,1361,1475,1564,1496,1524,1465,1421,1298,1268,1247,1279,1267,1315,1290,1201,1201,1192,1201,1241,1221,1263,1311,1293,1306,1255,1041,998,921,836,771,753,714,661,611,552,461,452,383,342,352,306,288,212,213,163,114,100,79,67,34,24,18,19
"35",454,471,491,562,549,626,649,597,658,656,684,675,692,668,730,745,787,801,830,896,822,700,651,622,622,557,564,494,480,534,520,511,485,529,536,603,599,655,592,679,739,760,679,832,799,741,800,793,902,932,943,927,937,945,913,1039,906,957,1018,1036,1023,1030,1085,1020,916,941,1004,1029,1069,1080,1004,867,860,805,658,649,596,567,523,514,460,447,367,352,345,308,239,233,204,204,157,126,130,100,72,65,30,33,24,16
"36",412,436,398,478,472,519,509,529,567,569,582,603,586,545,614,648,680,669,645,594,572,463,422,427,452,432,449,435,429,430,419,481,443,486,480,532,522,563,591,615,658,659,653,712,761,674,734,741,868,936,934,876,948,882,928,944,967,909,979,1006,958,946,919,974,958,954,981,1010,1014,1079,988,930,834,758,703,650,585,584,537,506,446,379,354,338,299,316,250,231,194,184,155,120,96,61,59,37,28,20,14,9
"37",433,401,418,454,501,475,528,553,564,578,600,575,606,627,651,665,683,613,697,660,657,532,526,564,493,505,505,468,458,498,466,430,444,482,461,529,544,547,567,583,694,662,625,689,738,703,703,718,788,904,872,817,859,840,845,815,864,815,813,837,883,830,859,885,865,897,832,882,1005,957,910,932,813,723,655,588,570,555,498,459,382,375,378,315,272,238,235,202,168,165,117,110,98,61,65,43,27,17,17,13
"38",553,575,572,591,701,721,717,812,795,879,860,906,852,854,881,925,923,938,898,900,852,725,580,619,607,607,580,645,578,635,640,602,571,640,628,665,767,755,788,869,932,964,942,1034,1051,1016,962,1032,1117,1281,1285,1154,1212,1085,1154,1108,1152,1150,1167,1094,1054,1073,1094,1095,1036,1104,1074,1104,1204,1212,1171,1028,926,882,757,681,615,598,519,489,442,395,353,329,320,251,259,217,160,150,142,104,89,66,57,50,27,33,12,11
"39",772,758,799,785,846,922,957,1015,996,1069,1006,1029,1010,1036,1074,1127,1114,1116,1153,1096,1126,1019,939,953,856,917,826,913,872,883,873,807,804,837,863,930,921,1003,967,1057,1179,1121,1179,1170,1284,1198,1212,1282,1311,1393,1342,1404,1288,1226,1184,1160,1146,1191,1162,1184,1200,1162,1151,1162,1111,1123,1172,1165,1245,1258,1175,1063,987,948,797,768,666,668,601,586,521,440,420,370,340,302,267,237,222,192,149,125,99,78,72,50,41,27,19,8
"40",712,725,744,803,839,961,994,1063,1123,1139,1107,1144,1095,1010,1128,1122,1135,1068,1099,1068,1011,880,763,807,654,742,737,685,727,747,780,737,793,772,836,932,1024,1006,1043,1207,1243,1231,1242,1381,1297,1348,1283,1336,1408,1520,1338,1287,1305,1251,1204,1183,1182,1151,1128,1103,1055,1015,991,1042,963,1015,1001,1056,1043,1061,1003,972,830,801,675,648,561,580,577,513,418,402,312,325,267,285,251,213,180,157,144,131,96,73,70,47,26,24,19,7
"41",800,773,725,774,796,857,843,904,878,925,976,897,948,928,972,1022,983,1074,1073,1116,1138,1112,1105,1012,1006,955,920,880,870,827,799,777,783,833,814,879,879,907,902,1017,1084,1135,1073,1109,1133,1155,1066,1095,1249,1305,1245,1276,1179,1167,1132,1116,1053,1002,1082,1089,1053,1017,1045,988,984,1030,1015,1016,1053,1132,1105,1005,910,817,704,674,641,602,496,475,471,383,332,365,336,294,248,197,178,165,151,131,111,87,47,46,29,16,17,12
"42",1077,1059,1086,1165,1222,1335,1394,1471,1470,1404,1523,1498,1495,1597,1601,1549,1655,1603,1596,1550,1453,1335,1156,1139,1083,1059,1119,1088,1027,1054,1095,1088,1126,1090,1131,1231,1283,1426,1372,1418,1683,1616,1720,1785,1764,1701,1730,1797,1946,2144,2006,2031,1922,1843,1763,1851,1799,1784,1799,1779,1732,1729,1848,1976,1778,1839,1868,1922,2072,2197,1896,1785,1596,1454,1258,1185,1100,1056,977,871,740,703,624,531,502,437,366,370,313,291,246,197,142,117,100,77,44,30,25,20
"43",1081,1171,1156,1280,1337,1538,1572,1625,1678,1811,1715,1751,1715,1700,1702,1788,1693,1766,1731,1852,1735,1811,1506,1426,1318,1265,1190,1151,1114,1103,1101,1107,1091,1148,1146,1292,1396,1453,1535,1662,1922,1935,1969,2031,1980,1888,1930,2018,2204,2304,2158,2127,2035,1794,1777,1738,1626,1651,1590,1584,1588,1502,1539,1404,1495,1560,1543,1546,1726,1801,1665,1586,1434,1301,1114,1060,968,891,842,733,708,644,566,483,431,371,321,292,251,221,203,143,136,73,92,55,43,40,20,13
"44",1254,1257,1279,1339,1369,1699,1593,1718,1676,1826,1815,1793,1813,1790,1732,1871,1806,1816,1909,1809,1803,1471,1227,1099,1039,1059,1057,1007,1046,1134,1088,1150,1185,1266,1209,1412,1465,1551,1629,1684,1928,2030,2006,2220,2257,2080,2049,2196,2279,2535,2325,2203,2077,1952,1863,1732,1616,1572,1571,1474,1562,1451,1477,1448,1492,1575,1590,1684,1951,2028,1886,1874,1751,1450,1217,1110,1066,918,894,781,656,530,515,441,381,323,293,255,224,190,155,146,116,84,62,44,29,24,20,12
"45",1306,1380,1321,1408,1403,1528,1475,1527,1525,1492,1442,1388,1374,1441,1471,1413,1472,1391,1431,1509,1584,1522,1507,1484,1350,1363,1358,1354,1337,1412,1403,1315,1348,1390,1451,1491,1522,1598,1577,1624,1688,1646,1621,1629,1576,1584,1521,1657,1694,1723,1747,1653,1639,1446,1378,1433,1272,1234,1181,1241,1245,1147,1168,1129,1106,1183,1179,1287,1332,1434,1430,1273,1191,1079,891,895,757,703,611,542,488,436,382,366,287,258,213,174,171,140,116,68,77,47,40,30,22,9,12,4
"46",1083,1145,1199,1280,1238,1353,1347,1415,1302,1425,1281,1360,1401,1351,1310,1395,1325,1378,1325,1333,1344,1211,1141,1066,1025,975,925,1026,987,1061,1100,956,1065,1136,1115,1306,1251,1360,1343,1387,1570,1548,1508,1454,1584,1477,1503,1544,1688,1833,1783,1651,1664,1527,1390,1377,1355,1355,1284,1178,1177,1191,1124,1168,1074,1116,1058,1149,1220,1230,1178,1162,1106,1069,958,933,863,842,787,728,638,562,521,483,379,341,318,305,237,228,191,134,120,96,73,64,39,28,17,9
"47",956,1046,1092,1166,1244,1376,1453,1513,1581,1667,1678,1751,1667,1688,1716,1678,1646,1670,1623,1491,1369,1082,938,875,820,842,863,895,864,881,911,856,980,997,1050,1196,1336,1369,1372,1578,1809,1830,1867,2021,1952,1835,1831,2032,2138,2135,2163,2092,2057,1856,1771,1691,1602,1603,1531,1526,1441,1441,1547,1439,1474,1575,1528,1689,1784,1899,1794,1695,1571,1410,1224,1197,1076,915,851,794,691,561,512,469,400,343,304,272,234,177,148,107,99,70,55,31,34,24,16,17
"48",660,723,671,781,798,896,926,1023,1001,1068,1079,1085,1164,1113,1135,1206,1142,1221,1185,1176,1023,966,818,720,720,713,691,709,694,677,689,642,665,671,715,808,836,893,957,1036,1081,1162,1243,1316,1334,1269,1249,1402,1518,1634,1643,1532,1432,1372,1359,1371,1233,1286,1238,1257,1265,1202,1185,1183,1177,1223,1259,1368,1482,1526,1470,1425,1197,1126,951,930,831,798,721,578,570,502,456,379,381,291,285,241,218,184,148,139,110,68,64,47,39,27,11,17
"49",672,672,752,770,852,949,970,1007,1070,1137,1119,1083,1137,1167,1180,1207,1168,1213,1192,1006,878,716,497,462,441,444,484,493,506,543,570,547,550,597,671,721,804,836,872,954,1030,1099,1123,1186,1306,1197,1229,1287,1383,1411,1426,1342,1308,1218,1180,1176,1078,1024,1106,1018,1053,1049,959,1046,1010,1111,1092,1186,1232,1297,1228,1222,1083,962,820,796,728,704,589,542,520,509,428,376,329,297,279,246,228,179,160,137,118,81,52,51,33,25,20,10
"50",1094,1194,1267,1340,1461,1556,1570,1645,1666,1655,1748,1615,1673,1668,1692,1788,1734,1855,1841,1775,1563,1191,1021,923,798,873,815,825,833,875,894,917,1050,1081,1116,1223,1336,1342,1433,1512,1833,1780,1706,1863,1802,1768,1801,1936,2077,2202,2072,2060,1972,1779,1727,1748,1552,1493,1530,1479,1376,1357,1380,1331,1325,1333,1310,1401,1536,1598,1503,1462,1282,1223,1041,1040,1017,930,933,796,711,712,629,537,537,487,375,317,297,252,214,194,133,92,99,88,53,34,29,12
"51",863,908,1044,1107,1133,1304,1333,1298,1423,1263,1292,1223,1321,1283,1312,1321,1231,1228,1266,1348,1336,1312,1260,1278,1116,1081,1043,932,867,779,789,771,804,855,946,1040,1041,1096,1096,1183,1321,1404,1432,1443,1391,1377,1342,1449,1473,1648,1580,1506,1459,1355,1290,1347,1274,1240,1260,1221,1164,1147,1150,1124,1058,1054,1043,1128,1279,1307,1241,1124,986,924,774,756,763,721,655,608,618,563,497,502,456,475,442,429,391,362,295,271,234,157,157,98,83,43,23,22
"52",929,992,1048,1131,1179,1253,1247,1287,1253,1176,1207,1153,1097,1091,1092,1171,1151,1149,1174,1156,1211,1169,1014,1016,1092,1059,1046,1158,1109,1043,1016,958,1079,1079,1017,1145,1203,1253,1156,1193,1363,1423,1349,1388,1343,1304,1288,1296,1452,1548,1530,1386,1398,1253,1238,1246,1197,1107,1109,1108,1070,1015,1020,957,974,926,967,1023,1032,1065,992,940,890,773,649,620,575,559,577,528,431,456,405,396,346,352,311,292,242,275,236,221,158,126,111,93,67,48,34,31
"53",1568,1379,1304,1266,1187,1268,1278,1212,1236,1209,1123,1165,1085,1048,1095,1135,1062,1107,1117,1155,1591,1909,2091,2350,2503,2642,2666,2506,2425,2355,2326,2050,1860,1767,1636,1717,1677,1710,1586,1602,1674,1760,1702,1666,1684,1543,1517,1528,1658,1673,1670,1532,1471,1360,1279,1246,1168,1138,1086,1065,1083,1013,1062,1090,995,1013,1020,1072,1119,1139,1043,1006,930,759,660,639,570,536,440,409,349,335,317,284,268,231,213,217,177,134,149,119,93,80,93,65,44,30,20,27
"54",1892,1766,1611,1596,1620,1615,1452,1404,1372,1317,1267,1207,1241,1162,1156,1110,1137,1030,1233,1418,1927,2646,2978,3192,3378,3544,3391,3392,3069,2953,2811,2650,2310,2372,2154,2082,2145,1907,1917,1852,1985,1830,1777,1796,1685,1564,1509,1528,1589,1706,1619,1626,1538,1460,1414,1379,1330,1273,1214,1233,1261,1158,1173,1072,1067,1079,958,1022,1093,996,938,851,760,686,576,558,525,514,461,405,402,308,318,326,323,261,275,249,212,217,185,153,130,124,107,90,56,39,37,16
"55",1754,1846,1753,1794,1752,1945,1836,1870,1789,1809,1735,1689,1753,1657,1744,1696,1767,1682,1693,1742,1911,1952,1890,2012,1956,1826,1855,1863,1917,1847,1768,1767,1827,1912,1901,2018,2039,2121,2025,2039,2161,2065,2076,2159,2064,1899,1959,1962,2167,2421,2259,2161,2216,1986,2030,2027,1894,1920,1815,1909,1755,1674,1664,1581,1501,1591,1510,1577,1596,1719,1598,1584,1394,1325,1125,1110,1053,1076,974,922,852,853,796,685,624,565,491,456,399,375,330,225,201,137,112,83,48,44,18,13
"56",1747,1622,1446,1404,1328,1360,1280,1362,1147,1243,1036,1002,1017,944,964,935,934,956,1015,1165,1724,2224,2564,2766,2874,2973,2913,2910,2701,2708,2587,2408,2180,2051,2058,2027,2046,1918,1877,1837,1894,1778,1694,1674,1541,1447,1331,1456,1504,1563,1563,1489,1353,1270,1260,1242,1176,1147,1135,1116,994,1059,1081,1033,1037,996,995,1050,1185,1094,1063,1026,990,834,690,666,646,620,592,536,458,448,383,374,370,332,327,321,270,236,242,176,169,129,103,113,62,45,34,27
"57",1979,1759,1508,1433,1333,1328,1245,1128,1089,968,852,904,812,801,863,779,774,700,799,906,1440,1935,2126,2443,2567,2820,3044,3000,2859,2825,2776,2604,2518,2464,2308,2429,2226,2193,2053,2038,2064,2044,1886,1858,1717,1620,1453,1467,1433,1483,1497,1363,1315,1211,1088,1057,1013,1017,1008,996,960,930,938,901,922,901,922,985,956,1011,947,881,830,729,575,532,488,433,322,316,316,265,236,217,175,169,166,130,101,105,96,75,74,57,47,32,25,18,14,8
"58",1647,1334,1147,1042,1003,932,850,867,774,728,690,724,694,676,679,697,680,686,734,905,1469,2228,2752,3143,3685,3795,3962,3921,3588,3354,3121,2829,2474,2228,2036,1911,1785,1652,1527,1395,1410,1358,1248,1293,1201,1096,1075,1038,1081,1164,1022,1048,939,853,782,791,706,756,717,704,691,674,631,618,573,631,552,587,575,593,575,545,476,477,329,337,287,284,238,209,189,175,155,166,138,120,126,108,101,82,71,82,62,41,47,35,23,21,10,7
"59",2551,2375,2235,2244,2147,2290,2043,2041,1992,1875,1775,1604,1596,1646,1537,1539,1548,1628,1558,1745,2439,3165,3279,3738,3729,3853,3782,3633,3445,3364,3291,3153,3046,3025,3050,3147,3059,3097,2878,2877,3050,2953,2582,2591,2431,2248,2211,2218,2366,2495,2306,2268,2226,1996,2000,2039,1865,1856,1696,1795,1771,1647,1640,1506,1625,1576,1490,1511,1659,1620,1514,1354,1304,1207,953,910,812,803,752,628,634,553,506,472,440,400,372,367,291,250,194,204,172,113,98,66,49,40,17,17
"60",254,263,291,295,282,360,345,416,404,394,415,405,420,404,442,462,472,481,484,467,423,328,300,265,259,254,265,308,254,284,254,264,277,325,293,331,319,379,358,409,433,459,463,525,525,487,478,459,555,637,711,688,629,666,660,645,683,636,667,668,645,681,667,728,647,710,670,667,720,713,760,654,547,544,464,426,423,391,324,339,306,290,264,240,204,207,143,148,141,129,114,97,85,40,37,36,17,16,15,8
